{"mean": [-0.028911247796091943, -0.050961106721284545, 0.26319806202183443, 0.03440090533108072, -0.0054937320080135806, -0.01477677273756539, -0.2738054311912785, 0.005815665516398914, -0.13084287828239996, 0.9217032927245745, -0.09395239978637632, 0.6374598372350048], "var": [0.06343726143946973, 0.04222353938323219, 0.08620166982891385, 0.06636565818088036, 0.03303258878735268, 0.04234373749292309, 0.0634584597298521, 0.02124580359979302, 0.060076851870951235, 0.07326632955886085, 0.2527664087376376, 0.33205149383562843], "clip": 1.0, "epsilon": 1e-08}