{"mean": [-0.049779646558444475, 0.08903019990407543, 0.19943711863787741, 0.08844377885492238, 0.08590111633922048, 0.08726746219862017, -0.3851064888369768, 0.0014203883193830598, 0.013525778572152945, 0.9145050263083605, 0.5150598477815492, 0.22282377811384405], "var": [0.08025687236684972, 0.02602992449478449, 0.06591240135111524, 0.02753362299797948, 0.0780686007616283, 0.029560299584478523, 0.06734959520085101, 0.028226555868874615, 0.10238106394859582, 0.06111654630891159, 0.24589836164133116, 0.43916455551169975], "clip": 1.0, "epsilon": 1e-08}