{"mean": [0.10598980569404214, -0.06845290010355728, -0.15850478617104946, -0.06978783335681686, 0.008595074046944894, 0.023187647726235154, 0.36255670032648485, -0.09303124385691508, -0.3273452192454221, 0.6809856209887412, -0.49189781887314743, 0.29476508642934235], "var": [0.08625542880757317, 0.037940411176276764, 0.10500136278088443, 0.04757916640493199, 0.008250241203814294, 0.011559715179576371, 0.10546434740302946, 0.047532642444546545, 0.25248549028679484, 0.17661820120524602, 0.2708052307665336, 0.4003448487959981], "clip": 1.0, "epsilon": 1e-08}