{"mean": [0.028666991724171528, 0.04381877376958517, -0.5133026066956944, -0.03884683276511538, -0.06537839640366444, 0.36391280048095953, 0.16454922986496878, 0.05490504051491522], "var": [0.08120303463500124, 0.10336973385987996, 0.025182862368141993, 0.03759723724983952, 0.40783512857545273, 0.4554580114094314, 0.4724619126960241, 0.497447075704671], "clip": 1.0, "epsilon": 1e-08}