{"mean": [0.0, 0.0, 0.0, 0.0, -0.00849255551053691, 0.006602774881247836, 0.5983332363871576, -0.07371040322075893, 0.018773563472477064, 0.9708707525542289, -0.36064319647303483, -0.619659591465251], "var": [1.9946081751411485e-11, 1.9946081751411485e-11, 1.9946081751411485e-11, 1.9946081751411485e-11, 0.015169775933538228, 0.022779215939077377, 0.04842832460806161, 0.03398580888637522, 0.027098190649070243, 0.029959345575943305, 0.1668182616195276, 0.31914021378580304], "clip": 1.0, "epsilon": 1e-08}