{"log_stds": [-0.8691585659980774, -0.8455830812454224, -0.8058564066886902], "observation_length": 12, "action_length": 3, "mean": [-0.029764562994634796, 0.05512542613400911, -0.2979082993647151, 0.05440426802882145, -0.004353211815402473, 0.06200482618663077, 0.2429162692314083, -0.005643811001077632, -0.17304424338717572, 0.9022054646398302, -0.16990659828321367, 0.5085323952790216], "var": [0.06235650562140922, 0.029636717148118923, 0.06987482847393037, 0.031255767063259554, 0.020296474884469107, 0.02968779157892329, 0.07840544546332967, 0.016663576979596167, 0.08343910551659542, 0.07264188421649644, 0.34266263149983067, 0.36986391940546737], "clip": 1.0, "epsilon": 1e-08, "policy_type": "STABLE_BASELINES3_PPO"}