{"mean": [-10.919235954787291, -0.9236747106903302, -12.304863807578323, -10.77547207023634, 2.2186834548109493, 26.483539589951313, -9.217001448670139, -3.573194991475099], "var": [2131226.6041844003, 1345904.0032842013, 4706507.838959488, 2564083.6950821523, 4657047.13692457, 2560180.1497510667, 2078449.7795538143, 1276242.5557813693], "clip": 1.0, "epsilon": 1e-08}