{"mean": [0.5835962642377611, 0.00586115612680132, 0.19192959747593089, 0.00586115612680132, 0.18885193906692838, 0.0006098255949842583, 0.6609121868493931, 0.005387099683505537, -0.22665512903361112, 0.7774606095011284, -0.23719670252960237, 0.9101235893424016], "var": [0.013895871137504814, 0.030643568045431186, 0.013895871114542102, 0.030643568045431186, 0.014811322699999685, 0.033633135669801806, 0.014556414302022409, 0.05208142963553392, 0.20345264794379864, 0.14072980498092533, 0.06107309854337251, 0.05433967824427677], "clip": 1.0, "epsilon": 1e-08}