{"mean": [0.0, 0.0, 0.0, 0.0, 0.01298452465659263, -0.0005789709136314374, 0.49956598663645363, -0.00044615902816447266, -0.2761201923619212, 0.5515384701741963, -0.15568290607013752, 0.7950805602670526], "var": [4.962178276925218e-11, 4.962178276925218e-11, 4.962178276925218e-11, 4.962178276925218e-11, 0.03756891701258925, 0.040070635928564316, 0.08487456667902431, 0.0834269943174856, 0.25491748657090135, 0.3646454686141242, 0.21167897941379482, 0.13193075610787286], "clip": 1.0, "epsilon": 1e-08}