{"log_stds": [0.1937534660100937, 1.0671348571777344, 1.1012779474258423, 1.0297008752822876], "observation_length": 14, "action_length": 4, "mean": [0.0006707734445330113, 0.007535351884543626, 0.15991579070798964, 0.008158368208284663, 0.20416256036862315, -0.07484899941656749, 0.2422583814965513, -0.07862512056969696, 0.6140742652294781, 0.0874688422311828, -0.04752414265403212, 0.7333162793480132, 0.06891751248890023, 0.37600920272383087], "var": [0.011341005547965508, 0.01220671850814842, 0.03549742106818816, 0.03936129122336678, 0.08684370495106593, 0.10792651555165957, 0.08658352651042552, 0.1281724556602096, 0.08434865345682135, 0.10618492365660495, 0.21007266922081508, 0.26995717256269014, 0.4336038298154874, 0.4403540579867199], "clip": 1.0, "epsilon": 1e-08, "policy_type": "STABLE_BASELINES3_PPO"}