{"mean": [0.038615775543517215, 0.0033446072652205307, 0.09362810185362626, 0.0043019973500824284, 0.023862895749223713, -0.005499833357615942, 0.35630065830453767, 0.014051757408059935, -0.2621964173410322, 0.7764877780245862, -0.12979618463298892, 0.611281855899442], "var": [0.04192621094850129, 0.08074754640563951, 0.02865546847340074, 0.03689652522056502, 0.008958997685159665, 0.011819705007850737, 0.03087174029253329, 0.022086795131598072, 0.19830989637061375, 0.13000987301323685, 0.3092342200075714, 0.30025322308354446], "clip": 1.0, "epsilon": 1e-08}