{"mean": [0.0, 0.0, 0.0, 0.0, 0.007685842380463932, 0.025532296036764365, -0.5112915300959073, -0.030341037454827847, -0.719512289493626, -0.31500640357479626, -0.011625885529700584, 0.9687326780016323], "var": [1.9946081751411485e-11, 1.9946081751411485e-11, 1.9946081751411485e-11, 1.9946081751411485e-11, 0.010266702645976043, 0.010362027778650392, 0.029550829029908934, 0.04302209499621686, 0.20873946536234328, 0.17433356574860998, 0.02529796059196507, 0.03612387935950427], "clip": 1.0, "epsilon": 1e-08}