{
    "last_values" : [
        0.119383
    ],
    "length" : 20,
    "observations" : [
        [
            0.055558,
            0.083335,
            -0.555556,
            -0.083333,
            -0.707098,
            -0.707115,
            -0.000002,
            1.000000
        ],
        [
            0.055532,
            0.083335,
            -0.555556,
            -0.083333,
            -0.707255,
            -0.706959,
            -0.000010,
            1.000000
        ],
        [
            0.055532,
            0.083335,
            -0.555556,
            -0.083333,
            -0.707259,
            -0.706954,
            -0.000010,
            1.000000
        ],
        [
            0.055878,
            0.084331,
            -0.555556,
            -0.083333,
            -0.718144,
            -0.695895,
            0.011348,
            0.999936
        ],
        [
            0.058576,
            0.085669,
            -0.555556,
            -0.083333,
            -0.798656,
            -0.601787,
            0.148627,
            0.988893
        ],
        [
            0.065954,
            0.086408,
            -0.555556,
            -0.083333,
            -0.890354,
            -0.455268,
            0.367209,
            0.930139
        ],
        [
            0.070990,
            0.085859,
            -0.555556,
            -0.083333,
            -0.905972,
            -0.423337,
            0.436423,
            0.899742
        ],
        [
            0.076285,
            0.083612,
            -0.555556,
            -0.083333,
            -0.934657,
            -0.355551,
            0.544566,
            0.838718
        ],
        [
            0.080035,
            0.080539,
            -0.555556,
            -0.083333,
            -0.965773,
            -0.259391,
            0.660452,
            0.750868
        ],
        [
            0.086641,
            0.076681,
            -0.555556,
            -0.083333,
            -0.969127,
            -0.246563,
            0.716006,
            0.698094
        ],
        [
            0.089104,
            0.073395,
            -0.555556,
            -0.083333,
            -0.989786,
            -0.142561,
            0.807424,
            0.589972
        ],
        [
            0.095457,
            0.067855,
            -0.555556,
            -0.083333,
            -0.986791,
            -0.161996,
            0.834907,
            0.550391
        ],
        [
            0.100012,
            0.061796,
            -0.555556,
            -0.083333,
            -0.994068,
            -0.108756,
            0.892380,
            0.451284
        ],
        [
            0.105429,
            0.052280,
            -0.555556,
            -0.083333,
            -0.997868,
            0.065263,
            0.978445,
            0.206507
        ],
        [
            0.109578,
            0.042807,
            -0.555556,
            -0.083333,
            -0.990252,
            0.139288,
            0.998514,
            0.054503
        ],
        [
            0.112414,
            0.033022,
            -0.555556,
            -0.083333,
            -0.975599,
            0.219558,
            0.994646,
            -0.103337
        ],
        [
            0.114135,
            0.021732,
            -0.555556,
            -0.083333,
            -0.928289,
            0.371860,
            0.940220,
            -0.340567
        ],
        [
            0.113675,
            0.013146,
            -0.555556,
            -0.083333,
            -0.884135,
            0.467232,
            0.870437,
            -0.492280
        ],
        [
            0.113110,
            0.004348,
            -0.555556,
            -0.083333,
            -0.848345,
            0.529444,
            0.795612,
            -0.605806
        ],
        [
            0.111772,
            -0.002844,
            -0.555556,
            -0.083333,
            -0.827833,
            0.560975,
            0.737611,
            -0.675226
        ]
    ],
    "episode_starts" : [
        1,
        0,
        0,
        0,
        0,
        0,
        0,
        0,
        0,
        0,
        0,
        0,
        0,
        0,
        0,
        0,
        0,
        0,
        0,
        0
    ],
    "values" : [
        0.072901,
        0.072869,
        0.072868,
        0.073490,
        0.077079,
        0.086218,
        0.092171,
        0.098059,
        0.101924,
        0.108952,
        0.111231,
        0.117585,
        0.121761,
        0.126344,
        0.129520,
        0.131204,
        0.131448,
        0.129657,
        0.127732,
        0.125157
    ],
    "actions" : [
        [
            0.128458,
            0.566612,
            2.242155
        ],
        [
            1.537241,
            -0.091577,
            0.219343
        ],
        [
            0.602869,
            0.594443,
            1.766512
        ],
        [
            -0.455481,
            0.034019,
            1.624732
        ],
        [
            0.127718,
            -0.588421,
            0.512276
        ],
        [
            0.561553,
            0.832654,
            0.591871
        ],
        [
            1.021233,
            1.943449,
            0.668461
        ],
        [
            0.774992,
            1.186724,
            0.440753
        ],
        [
            -0.499801,
            1.847359,
            0.374607
        ],
        [
            0.322205,
            0.981691,
            -0.486451
        ],
        [
            0.755247,
            1.252816,
            1.148832
        ],
        [
            0.973348,
            1.707656,
            -0.673084
        ],
        [
            0.435106,
            0.718231,
            0.460061
        ],
        [
            -0.822038,
            2.094507,
            -0.194331
        ],
        [
            -0.155440,
            0.353776,
            -0.303644
        ],
        [
            1.106797,
            0.622700,
            1.044731
        ],
        [
            1.463907,
            0.939334,
            -0.079484
        ],
        [
            0.351221,
            -0.186735,
            1.264691
        ],
        [
            0.655373,
            0.677298,
            1.305627
        ],
        [
            -0.022735,
            1.319668,
            1.582993
        ]
    ],