{"log_stds": [0.1265852302312851, 0.053122490644454956, 0.03733912110328674, 0.3310129642486572], "observation_length": 14, "action_length": 4, "mean": [-0.0005389657334381384, -0.00019395057206063657, 0.16456888459154076, -0.0228601045591859, 0.1888067936654505, -0.0903230636729184, 0.22832554709772387, -0.09728571163510898, 0.6268528035573708, 0.09667765584896566, 0.06809938835480375, 0.6923041978299735, 0.43501103399177965, 0.6150306464711535], "var": [0.01064413215981937, 0.010976302154365337, 0.032303922811738044, 0.03984417083182759, 0.08929950867837026, 0.10855426848540654, 0.08942515513068384, 0.12890950324146386, 0.08553501480212089, 0.10607199685236307, 0.3521271554016386, 0.18384365204707986, 0.22725466672989036, 0.22506115008705416], "clip": 1.0, "epsilon": 1e-08, "policy_type": "STABLE_BASELINES3_PPO"}