{"mean": [-0.16364087926774004, 0.053415507401791594, 0.46317667563038656, 0.36519032073800667, 0.039627736388649436, 0.07454138972264128, -0.35370597794117153, 0.006066135242321646, 0.07634080275502393, 0.8568628746758392, 0.3988301057625103, 0.25522955618186005], "var": [0.05666247724902814, 0.027934284323570976, 0.2159328702946764, 0.06654404314625456, 0.05524955801041251, 0.026638002000608965, 0.06491685322045315, 0.025741425708440072, 0.1753777312750312, 0.08458036463640513, 0.3001748031057224, 0.47561761727551666], "clip": 1.0, "epsilon": 1e-08}