{"mean": [0.11051203992192495, -0.07388129815039612, 0.11033325651489802, -0.07379257129833855, 0.14223688786221947, -0.07978925107956994, 0.8126074329739706, 0.006926632556733529, -0.06355584956812232, 0.8666770660468623, 0.2794023987554902, 0.726563512575685], "var": [0.001031758208756005, 0.019808339594339686, 0.0011299611532467233, 0.018479443989787903, 0.012859643990717045, 0.040021751748919726, 0.012627364709823698, 0.03908412194575726, 0.14617789643731458, 0.09865362110918402, 0.30541333144274374, 0.08862643013498528], "clip": 1.0, "epsilon": 1e-08}